{
        "setting": {},
        "condition": {
                "plugin": {
                        "list": []
                },
                "game": {
                        "list": []
                },
                "gamePlugin": {
                        "list": []
                },
                "miniprogram": {
                        "list": [
                                {
                                        "name": "",
                                        "pathName": "pages/dice/treasure/treasure",
                                        "query": "",
                                        "scene": null
                                },
                                {
                                        "name": "",
                                        "pathName": "pages/roulette/roulette",
                                        "query": "",
                                        "scene": null
                                },
                                {
                                        "name": "",
                                        "pathName": "uncle/page/index/index",
                                        "query": "",
                                        "scene": null
                                }
                        ]
                }
        }
}