{"_id":"5b5be87f6138cfb303dfcba8301f9928","title":"美团","icon":"cloud://test-9gfm8pvcba5c8c79.7465-test-9gfm8pvcba5c8c79-1304802965/icon/meituan.png","coupon":[{"bannerPic":"cloud://cloud1-6gjawmb77cd36974.636c-cloud1-6gjawmb77cd36974-1305247983/waimai/aa.png","icon":"http://inews.gtimg.com/newsapp_ls/0/13990940192/0","minapp":{"appid":"wxde8ac0a21135c07d","path":"/index/pages/h5/h5?f_userId=1&f_token=1&s_cps=1&weburl=https%3A%2F%2Fdpurl.cn%2FQSKxnGdz"},"name":"美团外卖优惠券","type":1.0},{"bannerPic":"cloud://cloud1-6gjawmb77cd36974.636c-cloud1-6gjawmb77cd36974-1305247983/waimai/aa.png","icon":"https://img.alicdn.com/imgextra/i2/6000000007452/O1CN01MpRvcn24v4BovPnFc_!!6000000007452-0-o2oad.jpg","minapp":{"appid":"wxece3a9a4c82f58c9","path":"taoke/pages/shopping-guide/index?scene=vkB63du","type":0.0},"name":"饿了么外卖优惠券①","type":"1"},{"bannerPic":"cloud://cloud1-6gjawmb77cd36974.636c-cloud1-6gjawmb77cd36974-1305247983/waimai/aa.png","icon":"https://img.alicdn.com/imgextra/i2/6000000007452/O1CN01MpRvcn24v4BovPnFc_!!6000000007452-0-o2oad.jpg","minapp":{"appid":"wxece3a9a4c82f58c9","path":"pages/sharePid/web/index?scene=https://s.click.ele.me/gQA23du","type":0.0},"name":"饿了么外卖优惠券②","type":"1"},{"bannerPic":"cloud://cloud1-6gjawmb77cd36974.636c-cloud1-6gjawmb77cd36974-1305247983/waimai/aa.png","icon":"http://inews.gtimg.com/newsapp_ls/0/13990940192/0","minapp":{"appid":"wxde8ac0a21135c07d","path":"/index/pages/h5/h5?lch=cps:waimai:5:65c5f4b9271221c79eae104d969a48a3:9986jutuikemt:4:85459&weburl=https%3A%2F%2Fdpurl.cn%2FTdKSnGez&f_userId=1&f_token=1","type":1.0},"name":"美团生鲜红包天天领","type":"1"},{"bannerPic":"cloud://cloud1-6gjawmb77cd36974.636c-cloud1-6gjawmb77cd36974-1305247983/waimai/aa.png","icon":"https://img.alicdn.com/imgextra/i2/6000000007452/O1CN01MpRvcn24v4BovPnFc_!!6000000007452-0-o2oad.jpg","minapp":{"appid":"wxece3a9a4c82f58c9","path":"pages/sharePid/web/index?scene=https://s.click.ele.me/TFMNscu","type":0.0},"name":"饿了么生鲜红包天天领","type":"1"}]}
